zip_code,city,dfw_zone,dal_zone
75001,ADDISON,2,2
75002,ALLEN,5,5
75006,CARROLLTON,2,2
75007,CARROLLTON,2,2
75008,CARROLLTON,2,2
75010,CARROLLTON,2,2
75011,CARROLLTON,2,2
75013,ALLEN,5,5
75014,IRVING,1,2
75015,IRVING,1,2
75016,IRVING,1,2
75017,IRVING,1,2
75019,COPPELL,1,2
75022,FLOWER MOUND,2,3
75023,PLANO,2,2
75024,PLANO,2,2
75025,PLANO,2,2
75026,PLANO,4,3
75027,LEWISVILLE,2,3
75028,FLOWER MOUND,3,5
75029,LEWISVILLE,2,3
75030,ROWLETT,4,3
75032,ROCKWALL,5,4
75033,FRISCO,5,5
75034,FRISCO,5,5
75035,FRISCO,5,5
75037,IRVING,1,2
75038,IRVING,1,2
75039,LAS COLINAS,1,2
75040,GARLAND,4,2
75041,GARLAND,3,2
75042,GARLAND,3,2
75043,GARLAND,4,2
75044,GARLAND,4,2
75045,GARLAND,4,2
75046,GARLAND,4,2
75047,GARLAND,4,2
75048,SACHSE,4,3
75049,GARLAND,4,2
75050,GRAND PRAIRIE,1,2
75051,GRAND PRAIRIE,3,2
75052,GRAND PRAIRIE,3,2
75053,GRAND PRAIRIE,2,2
75054,GRAND PRAIRIE,2,2
75056,THE COLONY,2,3
75057,LEWISVILLE,2,3
75060,IRVING,1,2
75061,IRVING,1,2
75062,IRVING,1,2
75063,Valley Ranch,1,2
75065,LAKE DALLAS,2,3
75067,LEWISVILLE,2,3
75069,MCKINNEY,5,5
75070,MCKINNEY,5,5
75071,MCKINNEY,5,5
75074,PLANO,3,3
75075,PLANO,2,2
75077,HIGHLAND VILLAGE,2,3
75080,RICHARDSON,2,2
75081,RICHARDSON,2,2
75082,RICHARDSON,3,3
75083,RICHARDSON,3,3
75085,RICHARDSON,3,3
75086,PLANO,4,3
75087,ROCKWALL,5,4
75088,ROWLETT,5,4
75089,ROWLETT,5,4
75093,PLANO,2,2
75094,PLANO,4,3
75098,WYLIE,5,4
75099,COPPELL,1,2
75104,CEDAR HILL,4,3
75106,CEDAR HILL,4,3
75115,DESOTO,4,3
75116,DUNCANVILLE,3,2
75123,DESOTO,4,3
75134,LANCASTER,5,2
75137,DUNCANVILLE,3,2
75138,DUNCANVILLE,3,2
75141,HUTCHINS,4,2
75146,LANCASTER,5,2
75149,MESQUITE,5,2
75150,MESQUITE,5,2
75159,SEAGOVILLE,5,4
75172,WILMER,5,4
75180,BALCH SPRINGS,5,2
75181,MESQUITE,5,2
75182,SUNNYVALE,5,2
75185,MESQUITE,5,2
75187,MESQUITE,5,2
75201,DALLAS- downtown,2,1
75202,DALLAS- downtown,2,1
75203,DALLAS- downtown,3,2
75204,DALLAS- downtown,2,1
75205,HIGHLAND PARK,2,1
75206,DALLAS- east,2,1
75207,Market Center,2,1
75208,DALLAS- south,3,2
75209,HIGHLAND PARK,2,1
75210,DALLAS- southeast,4,2
75211,DALLAS- south,3,2
75212,DALLAS- south,2,1
75214,DALLAS- east,3,1
75215,DALLAS- south,4,2
75216,DALLAS- south,4,2
75217,DALLAS- southeast,4,2
75218,DALLAS- east,4,2
75219,HIGHLAND PARK,2,1
75220,DALLAS- north,2,1
75221,DALLAS,2,1
75222,DALLAS,2,1
75223,DALLAS- east,4,2
75224,DALLAS- south,3,2
75225,UNIVERSITY PARK,2,1
75226,DALLAS- downtown,2,1
75227,DALLAS- east,4,2
75228,DALLAS- east,4,2
75229,DALLAS- north,2,1
75230,DALLAS- north,2,1
75231,DALLAS- northeast,3,1
75232,DALLAS- south,3,2
75233,DALLAS- southwest,3,2
75234,FARMER'S BRANCH,2,1
75235,LOVE FIELD,2,1
75236,DALLAS- south,3,2
75237,DALLAS- south,3,2
75238,DALLAS- east,3,2
75239,DALLAS- southeast,4,2
75240,DALLAS- north,2,1
75241,DALLAS- southeast,4,2
75242,DALLAS,2,1
75243,DALLAS- north,2,1
75244,ADDISON,2,1
75245,DALLAS,2,1
75246,DALLAS- downtown,2,1
75247,Market Center,2,1
75248,DALLAS- north,2,2
75249,DALLAS- south,2,2
75250,DALLAS,2,1
75251,PARK CENTRAL,2,1
75252,DALLAS- north,2,2
75253,DALLAS,4,2
75254,DALLAS,2,2
75258,DALLAS,2,1
75260,DALLAS,2,1
75261,DFW AIRPORT,1,2
75262,DALLAS,2,1
75263,DALLAS,2,1
75264,DALLAS,2,1
75265,DALLAS,2,1
75266,DALLAS,2,1
75267,DALLAS,2,1
75270,DALLAS,2,1
75275,DALLAS,2,1
75277,DALLAS,2,1
75283,DALLAS,2,1
75284,DALLAS,2,1
75285,DALLAS,2,1
75286,DALLAS,2,1
75287,DALLAS- north,2,2
75301,DALLAS,2,1
75303,DALLAS,2,1
75310,DALLAS,2,1
75312,DALLAS,2,1
75313,DALLAS,2,1
75315,DALLAS,2,1
75320,DALLAS,2,1
75323,DALLAS,2,1
75326,DALLAS,2,1
75336,DALLAS,2,1
75339,DALLAS,2,1
75342,DALLAS,2,1
75346,DALLAS,2,1
75353,DALLAS,2,1
75354,DALLAS,2,1
75355,DALLAS,2,1
75356,DALLAS,2,1
75357,DALLAS,2,1
75360,DALLAS,2,1
75363,DALLAS,2,1
75364,DALLAS,2,1
75367,DALLAS,2,1
75368,DALLAS,2,1
75370,DALLAS,2,1
75371,DALLAS,2,1
75372,DALLAS,2,1
75373,DALLAS,2,1
75374,DALLAS,2,1
75376,DALLAS,2,1
75378,DALLAS,2,1
75379,DALLAS,2,1
75380,DALLAS,2,1
75381,DALLAS,2,1
75382,DALLAS,2,1
75386,DALLAS,2,1
75387,DALLAS,2,1
75388,DALLAS,2,1
75389,DALLAS,2,1
75390,DALLAS,2,1
75391,DALLAS,2,1
75392,DALLAS,2,1
75393,DALLAS,2,1
75394,DALLAS,2,1
75395,DALLAS,2,1
75396,DALLAS,2,1
75397,DALLAS,2,1
75398,DALLAS,2,1
76001,ARLINGTON,4,4
76002,ARLINGTON,4,4
76006,ARLINGTON,1,2
76008,ALEDO,5,0
76010,ARLINGTON,2,2
76011,ARLINGTON,2,2
76012,ARLINGTON,2,2
76013,ARLINGTON,2,2
76014,ARLINGTON,2,2
76015,ARLINGTON,2,2
76016,ARLINGTON,2,2
76017,ARLINGTON,4,4
76018,ARLINGTON,2,2
76019,ARLINGTON,4,4
76020,AZLE,5,0
76021,BEDFORD,1,2
76022,BEDFORD,1,2
76028,BURLESON,5,0
76034,COLLEYVILLE,1,2
76036,CROWLEY,5,0
76039,EULESS,1,2
76040,EULESS,1,2
76051,GRAPEVINE,1,2
76052,HASLET,3,4
76053,HURST,2,2
76054,HURST,2,4
76060,KENNEDALE,4,4
76063,MANSFIELD,4,4
76065,MIDLOTHIAN,5,4
76071,NEWARK,5,0
76078,RHOME,5,0
76092,SOUTHLAKE,1,2
76095,BEDFORD,1,2
76098,AZLE,5,0
76099,GRAPEVINE,1,2
76102,FORT WORTH- downtown,3,4
76103,FORT WORTH- east,3,4
76104,FORT WORTH- south,4,4
76105,FORT WORTH- southeast,4,4
76106,FORT WORTH- north,3,4
76107,FORT WORTH- west,4,4
76108,WHITE SETTLEMENT,5,0
76109,FORT WORTH- southwest,4,4
76110,FORT WORTH- south,4,4
76111,FORT WORTH- north,3,4
76112,FORT WORTH- east,3,4
76113,FORT WORTH,4,4
76114,FORT WORTH- west,4,4
76115,FORT WORTH- south,4,4
76116,FORT WORTH- southwest,4,4
76117,HALTOM CITY,3,4
76118,FORT WORTH- northeast,3,4
76119,FORT WORTH- southeast,4,4
76120,FORT WORTH- east,3,4
76121,FORT WORTH,4,4
76122,FORT WORTH,4,4
76123,FORT WORTH- southwest,4,4
76124,FORT WORTH,4,4
76126,BENBROOK,5,0
76127,FORT WORTH- west,4,4
76129,FORT WORTH,4,4
76130,FORT WORTH,4,4
76131,BLUE MOUND,3,4
76132,FORT WORTH- southwest,4,4
76133,FORT WORTH- southwest,4,4
76134,FORT WORTH- south,4,4
76135,LAKE WORTH,5,0
76136,LAKE WORTH,5,0
76137,FORT WORTH- north,5,0
76140,EVERMAN,5,0
76147,FORT WORTH,4,4
76148,WATAUGA,2,4
76150,FORT WORTH,4,4
76155,FORT WORTH,1,2
76161,FORT WORTH,4,4
76162,FORT WORTH,4,4
76163,FORT WORTH,4,4
76164,FORT WORTH,4,4
76177,ALLIANCE AIRPORT,2,0
76179,SAGINAW,5,0
76180,NORTH RICHLAND HILLS,2,4
76181,FORT WORTH,2,4
76182,NORTH RICHLAND HILLS,2,4
76185,FORT WORTH,4,4
76191,FORT WORTH,4,4
76192,FORT WORTH,4,4
76193,FORT WORTH,4,4
76195,FORT WORTH,4,4
76196,FORT WORTH,4,4
76197,FORT WORTH,4,4
76198,FORT WORTH,4,4
76199,FORT WORTH,4,4
76201,DENTON,5,5
76202,DENTON,5,5
76203,DENTON,5,5
76204,DENTON,5,5
76205,DENTON,5,5
76206,DENTON,5,5
76207,DENTON,5,5
76208,DENTON,5,5
76209,DENTON,5,5
76210,DENTON,5,5
76226,ARGYLE,2,3
76244,KELLER,2,0
76247,JUSTIN,2,0
76248,KELLER,2,0
76262,ROANOKE,2,0
